,CLM,CRF,HYG,IEP,JEPI,LQD,RYLD,SVOL,TBF,TLT,XYLD
CLM,1.9775769413678859,2.0791942754584944,0.5690919477601017,0.6855923612070886,0.597404016302475,0.48554383406966245,0.7679086711199266,0.472164185583351,-0.4534192755706724,0.439208104814556,0.7107934448564787
CRF,2.0791942754584944,2.3774586203535257,0.6121005838790756,0.7512325497315973,0.6724903143851665,0.5030624212907397,0.8300805773262667,0.5267467916647511,-0.44729616400182015,0.4349552665831224,0.7906765333885943
HYG,0.5690919477601017,0.6121005838790756,0.38404584736371483,0.26348972018717115,0.37519545173174007,0.2829285278169826,0.4189683868204139,0.30963817366658175,-0.2350771338780265,0.2322104580608697,0.40599974167895186
IEP,0.6855923612070886,0.7512325497315973,0.26348972018717115,0.6550933868448879,0.29467513906399695,0.17626631603957532,0.38777048912274775,0.20203299308291403,-0.05138238984976714,0.04732477702494301,0.3630269688273408
JEPI,0.597404016302475,0.6724903143851665,0.37519545173174007,0.29467513906399695,0.5823734581510562,0.26390772066995005,0.5751273244439992,0.3518859386169033,-0.13908236474241165,0.14295807632228427,0.6041565615481813
LQD,0.48554383406966245,0.5030624212907397,0.2829285278169826,0.17626631603957532,0.26390772066995005,0.35260921502161024,0.32088622831535113,0.22545679457158824,-0.45507239118812076,0.45076548875756073,0.27388433165499265
RYLD,0.7679086711199266,0.8300805773262667,0.4189683868204139,0.38777048912274775,0.5751273244439992,0.32088622831535113,0.77139602647903,0.37325027337952554,-0.22746334796317833,0.23104391654226863,0.6914042511266011
SVOL,0.472164185583351,0.5267467916647511,0.30963817366658175,0.20203299308291403,0.3518859386169033,0.22545679457158824,0.37325027337952554,0.44199597591449735,-0.15950492125895893,0.15765295742100482,0.3677823792739033
TBF,-0.4534192755706724,-0.44729616400182015,-0.2350771338780265,-0.05138238984976714,-0.13908236474241165,-0.45507239118812076,-0.22746334796317833,-0.15950492125895893,0.8850253916745063,-0.8750869851269745,-0.12392239419826608
TLT,0.439208104814556,0.4349552665831224,0.2322104580608697,0.04732477702494301,0.14295807632228427,0.45076548875756073,0.23104391654226863,0.15765295742100482,-0.8750869851269745,0.868552837667074,0.12572339758148887
XYLD,0.7107934448564787,0.7906765333885943,0.40599974167895186,0.3630269688273408,0.6041565615481813,0.27388433165499265,0.6914042511266011,0.3677823792739033,-0.12392239419826608,0.12572339758148887,0.7247084390677286
