,CLM,CRF,HYG,IEP,JEPI,LQD,RYLD,SVOL,TBF,TLT,XYLD
CLM,2.2328635551188616,2.2607823876619806,0.6307365699654792,0.7207253078946719,0.6474631935176114,0.513367385418495,0.8326736879445595,0.5307181322538526,-0.5269818484956182,0.5025823736416353,0.7408261240720911
CRF,2.2607823876619806,2.482509379682848,0.6574414331180541,0.7465627279111702,0.6952313918843449,0.5214052090310338,0.8629539921334496,0.5873591777018706,-0.508437389221109,0.48510580607674864,0.7858113893807223
HYG,0.6307365699654792,0.6574414331180541,0.38813440604953003,0.25374552805595146,0.3749328628156658,0.28923422364132123,0.43698065128337515,0.32462711934426214,-0.263156481241306,0.25432754123038825,0.4232716614967229
IEP,0.7207253078946719,0.7465627279111702,0.25374552805595146,0.6073155291990824,0.2654183962878275,0.1612508595269534,0.3801284780325657,0.1929646562227848,-0.06668283358515203,0.05772772287764319,0.34841474035233433
JEPI,0.6474631935176114,0.6952313918843449,0.3749328628156658,0.2654183962878275,0.5409666231276984,0.26632239443641925,0.572653054799001,0.3436160409916442,-0.16309615399333596,0.15878315722211697,0.5947371820401085
LQD,0.513367385418495,0.5214052090310338,0.28923422364132123,0.1612508595269534,0.26632239443641925,0.3532354881972136,0.3205539137226484,0.23440435489951836,-0.4893515155999835,0.4713551523296073,0.27990274145932464
RYLD,0.8326736879445595,0.8629539921334496,0.43698065128337515,0.3801284780325657,0.572653054799001,0.3205539137226484,0.7993698946783675,0.3780626396743326,-0.2438087358030479,0.23943516170717538,0.7244816129511753
SVOL,0.5307181322538526,0.5873591777018706,0.32462711934426214,0.1929646562227848,0.3436160409916442,0.23440435489951836,0.3780626396743326,0.4596094463027822,-0.1789469349127263,0.1723454220380818,0.3837827664735119
TBF,-0.5269818484956182,-0.508437389221109,-0.263156481241306,-0.06668283358515203,-0.16309615399333596,-0.4893515155999835,-0.2438087358030479,-0.1789469349127263,1.0366299835448194,-0.9972584322955511,-0.14367489102124006
TLT,0.5025823736416353,0.48510580607674864,0.25432754123038825,0.05772772287764319,0.15878315722211697,0.4713551523296073,0.23943516170717538,0.1723454220380818,-0.9972584322955511,0.9618119265534092,0.1426026053312646
XYLD,0.7408261240720911,0.7858113893807223,0.4232716614967229,0.34841474035233433,0.5947371820401085,0.27990274145932464,0.7244816129511753,0.3837827664735119,-0.14367489102124006,0.1426026053312646,0.7516697138980682
