,CLM,CRF,HYG,IEP,JEPI,LQD,RYLD,SVOL,TBF,TLT,XYLD
CLM,2.143818517181517,2.1225336697268973,0.628085165151685,0.7269731584656997,0.6486058509054293,0.49437248236771575,0.7938852362487412,0.4898196270009915,-0.47357423770193596,0.4213257733652874,0.7047307311202067
CRF,2.1225336697268973,2.282313847973043,0.6353629061724225,0.7435988124847468,0.6846547201036426,0.4825860664821312,0.807235735341551,0.5131593394805861,-0.4400366965273138,0.3931477829472437,0.737615588024282
HYG,0.628085165151685,0.6353629061724225,0.4255144623150885,0.2798163517637773,0.4070793963081334,0.2914872809546267,0.4370844201906934,0.3232627862235781,-0.24893766893495958,0.22582010674239847,0.4065262306389336
IEP,0.7269731584656997,0.7435988124847468,0.2798163517637773,0.6254164361561606,0.30273205004906434,0.17464006260995943,0.3806806241628401,0.19427968153236322,-0.05315008160727255,0.046327254231512544,0.3428310066501582
JEPI,0.6486058509054293,0.6846547201036426,0.4070793963081334,0.30273205004906434,0.6134404336023839,0.2660790653844742,0.5844552832108547,0.35704566016950556,-0.1436991427310121,0.13613372087601264,0.5893468144452968
LQD,0.49437248236771575,0.4825860664821312,0.2914872809546267,0.17464006260995943,0.2660790653844742,0.3389891575007184,0.31271658324178797,0.22089772495285498,-0.45216606516831315,0.41043666970135734,0.2562455455493705
RYLD,0.7938852362487412,0.807235735341551,0.4370844201906934,0.3806806241628401,0.5844552832108547,0.31271658324178797,0.760193343159695,0.369018905300882,-0.22866445361942844,0.21303064690626933,0.6545891073973087
SVOL,0.4898196270009915,0.5131593394805861,0.3232627862235781,0.19427968153236322,0.35704566016950556,0.22089772495285498,0.369018905300882,0.4378077709270164,-0.16164392700791066,0.14648522372997796,0.34954402631113396
TBF,-0.47357423770193596,-0.4400366965273138,-0.24893766893495958,-0.05315008160727255,-0.1436991427310121,-0.45216606516831315,-0.22866445361942844,-0.16164392700791066,0.9103057089248187,-0.8245685273215074,-0.11947157181822424
TLT,0.4213257733652874,0.3931477829472437,0.22582010674239847,0.046327254231512544,0.13613372087601264,0.41043666970135734,0.21303064690626933,0.14648522372997796,-0.8245685273215074,0.7498032307087096,0.11119981921502968
XYLD,0.7047307311202067,0.737615588024282,0.4065262306389336,0.3428310066501582,0.5893468144452968,0.2562455455493705,0.6545891073973087,0.34954402631113396,-0.11947157181822424,0.11119981921502968,0.6590496032371388
