,CLM,CRF,HYGW,IEP,JEPI,JEPQ,LQDW,RYLD,SVOL,TLTW,XYLD
CLM,0.37402889775576287,0.5943361241597334,0.10113788473798294,0.21818252560121662,0.2164361662967137,0.2049312940206742,0.11607404085872948,0.2171738264596051,0.16693043113962386,0.05079820182107719,0.2974336961520436
CRF,0.5943361241597334,1.0330015044612628,0.1662858582310622,0.36786460374967866,0.371182038300037,0.34755751307070987,0.18429218180545578,0.36670209824887817,0.2904797086925371,0.0756207163262958,0.5093412780100165
HYGW,0.10113788473798294,0.1662858582310622,0.06864073170601764,0.08698134521942807,0.13325790503714657,0.11588876646926738,0.06315702280914,0.12293220268314999,0.10982044632612625,0.023860606228150016,0.17841102115908342
IEP,0.21818252560121662,0.36786460374967866,0.08698134521942807,0.40316557966266436,0.18876153696834366,0.17405381726374533,0.08387258553963908,0.20089570792552736,0.14035301694773822,0.018858214415806557,0.26263544744380546
JEPI,0.2164361662967137,0.371182038300037,0.13325790503714657,0.18876153696834366,0.35444985442804783,0.30169354041958435,0.12283098510818762,0.28701374846501243,0.22733854867462022,0.027485139533536613,0.4371626742626634
JEPQ,0.2049312940206742,0.34755751307070987,0.11588876646926738,0.17405381726374533,0.30169354041958435,0.3086464055443375,0.0980820249820169,0.2616186734849492,0.19752794121972575,0.015078623389453554,0.4024853060886456
LQDW,0.11607404085872948,0.18429218180545578,0.06315702280914,0.08387258553963908,0.12283098510818762,0.0980820249820169,0.1040453972510858,0.12325196410301163,0.09659124717992822,0.06154520612381204,0.15792054061175864
RYLD,0.2171738264596051,0.36670209824887817,0.12293220268314999,0.20089570792552736,0.28701374846501243,0.2616186734849492,0.12325196410301163,0.2971113208471074,0.20176816531991032,0.03882564702988961,0.4041440277047451
SVOL,0.16693043113962386,0.2904797086925371,0.10982044632612625,0.14035301694773822,0.22733854867462022,0.19752794121972575,0.09659124717992822,0.20176816531991032,0.2734445847306923,0.031192320719211502,0.2879986270175131
TLTW,0.05079820182107719,0.0756207163262958,0.023860606228150016,0.018858214415806557,0.027485139533536613,0.015078623389453554,0.06154520612381204,0.03882564702988961,0.031192320719211502,0.058982852166868216,0.032334930580894476
XYLD,0.2974336961520436,0.5093412780100165,0.17841102115908342,0.26263544744380546,0.4371626742626634,0.4024853060886456,0.15792054061175864,0.4041440277047451,0.2879986270175131,0.032334930580894476,0.6241901443230423
