,CLM,CRF,HYG,IEP,JEPI,LQD,RYLD,SVOL,TBF,TLT,XYLD
CLM,2.196574158017054,2.1977951603057404,0.6185705951786564,0.7155818808066596,0.6538997186838218,0.5262124105351722,0.8213772076125662,0.5370869187396826,-0.47857338077873185,0.4613028006894543,0.7338095906034773
CRF,2.1977951603057404,2.3868987937973434,0.6344783081137088,0.7338152614872641,0.6875095437835117,0.527479136735151,0.8389281342786352,0.5843259678425405,-0.46044662058304237,0.4442017495176587,0.7670510148698323
HYG,0.6185705951786564,0.6344783081137088,0.3782779699454194,0.251227395556834,0.37650796008624215,0.29572095657081554,0.427631354110405,0.32692506910415525,-0.24812733376063348,0.24263722316147127,0.4157095142795639
IEP,0.7155818808066596,0.7338152614872641,0.251227395556834,0.6153333350323553,0.2700660941674514,0.16634868987196366,0.37950838420589195,0.1969184750998657,-0.047397160678544964,0.03948051732216332,0.34924113557687875
JEPI,0.6538997186838218,0.6875095437835117,0.37650796008624215,0.2700660941674514,0.5550477283094661,0.2804056092957692,0.5721560364912048,0.35642896615223324,-0.1616762732497892,0.1590977207205766,0.5956596361513289
LQD,0.5262124105351722,0.527479136735151,0.29572095657081554,0.16634868987196366,0.2804056092957692,0.3783679143549925,0.32969715927463455,0.2474527137228386,-0.48609355854274944,0.47394153637682096,0.2891516043277693
RYLD,0.8213772076125662,0.8389281342786352,0.427631354110405,0.37950838420589195,0.5721560364912048,0.32969715927463455,0.7838057910942828,0.3818440567823939,-0.23235433489226628,0.2309627244081581,0.7134046664471617
SVOL,0.5370869187396826,0.5843259678425405,0.32692506910415525,0.1969184750998657,0.35642896615223324,0.2474527137228386,0.3818440567823939,0.47448512972674,-0.17280196232694106,0.16831721702868305,0.38877151208847927
TBF,-0.47857338077873185,-0.46044662058304237,-0.24812733376063348,-0.047397160678544964,-0.1616762732497892,-0.48609355854274944,-0.23235433489226628,-0.17280196232694106,0.9322980246171302,-0.9074861998958357,-0.13609895491058174
TLT,0.4613028006894543,0.4442017495176587,0.24263722316147127,0.03948051732216332,0.1590977207205766,0.47394153637682096,0.2309627244081581,0.16831721702868305,-0.9074861998958357,0.8857197699734379,0.1367308008672916
XYLD,0.7338095906034773,0.7670510148698323,0.4157095142795639,0.34924113557687875,0.5956596361513289,0.2891516043277693,0.7134046664471617,0.38877151208847927,-0.13609895491058174,0.1367308008672916,0.7428618406798595
