,CLM,CRF,HYGW,IEP,JEPI,JEPQ,LQDW,SVOL,TLTW
CLM,0.3581473886565574,0.6492150375211271,0.16745699684498191,0.2276539599158658,0.23893687665219424,0.4786486726534677,0.09643970278646548,0.1207738052311912,0.18430567933741707
CRF,0.6492150375211271,1.285893363092861,0.3199966219146902,0.4367620266852248,0.4784069061274882,0.9344600626527574,0.17841942764485708,0.24186694991219743,0.3282566702312213
HYGW,0.16745699684498191,0.3199966219146902,0.19820713269284085,0.15535098888438043,0.25898817799537377,0.4493785332339865,0.09373877936620195,0.14206697565253432,0.15107554669786571
IEP,0.2276539599158658,0.4367620266852248,0.15535098888438043,0.4844491464345406,0.22013617788346582,0.40002802654672,0.07859029981372488,0.10616468654931716,0.0714553305553125
JEPI,0.23893687665219424,0.4784069061274882,0.25898817799537377,0.22013617788346582,0.45937544572633987,0.777104554022252,0.12160064272211484,0.195301201719786,0.1465432861394751
JEPQ,0.4786486726534677,0.9344600626527574,0.4493785332339865,0.40002802654672,0.777104554022252,1.6454605181227162,0.19601077005357095,0.3421977504671207,0.2627488167568636
LQDW,0.09643970278646548,0.17841942764485708,0.09373877936620195,0.07859029981372488,0.12160064272211484,0.19601077005357095,0.07891467084522999,0.06433701732546317,0.17847693381793062
SVOL,0.1207738052311912,0.24186694991219743,0.14206697565253432,0.10616468654931716,0.195301201719786,0.3421977504671207,0.06433701732546317,0.1619715871320616,0.09405024037066463
TLTW,0.18430567933741707,0.3282566702312213,0.15107554669786571,0.0714553305553125,0.1465432861394751,0.2627488167568636,0.17847693381793062,0.09405024037066463,0.6747287934620204
