,CLM,CRF,HYG,IEP,JEPI,LQD,RYLD,SVOL,TBF,TLT,XYLD
CLM,2.0369465821391883,2.171031187955124,0.5978490566147846,0.7134014594054322,0.619589085943012,0.47688634307730265,0.7711901986642344,0.48629538522958393,-0.43109520649015093,0.2647161340553802,0.7117358976079415
CRF,2.171031187955124,2.5128980653552007,0.6508959234588803,0.78680646259362,0.703928983220929,0.5017183729621736,0.8441571566912557,0.5481671593754905,-0.43205624856186264,0.2664968807750301,0.8017136370503913
HYG,0.5978490566147846,0.6508959234588803,0.40462071030444546,0.2707131062007243,0.3893280121091943,0.27806329647463507,0.42467058554270803,0.3225860018462407,-0.221806124072605,0.13852035130868323,0.41109047183115793
IEP,0.7134014594054322,0.78680646259362,0.2707131062007243,0.6766351194766077,0.298900212854369,0.18362519068557226,0.38487231261548255,0.19747125291033713,-0.06141533585326586,0.039032838398823745,0.3557617619528062
JEPI,0.619589085943012,0.703928983220929,0.3893280121091943,0.298900212854369,0.5880873885825031,0.26117012077311297,0.5703231983740923,0.35424780310379633,-0.13634607585507097,0.0892679288455911,0.5971809421953488
LQD,0.47688634307730265,0.5017183729621736,0.27806329647463507,0.18362519068557226,0.26117012077311297,0.3220823876033858,0.3105923946019445,0.23146486573142352,-0.401209584643825,0.2510782265800657,0.2642462833402303
RYLD,0.7711901986642344,0.8441571566912557,0.42467058554270803,0.38487231261548255,0.5703231983740923,0.3105923946019445,0.7550248007398401,0.3735382805827481,-0.2159354908477887,0.1390860131547431,0.67492565699454
SVOL,0.48629538522958393,0.5481671593754905,0.3225860018462407,0.19747125291033713,0.35424780310379633,0.23146486573142352,0.3735382805827481,0.4482915384469577,-0.16782966830150253,0.10571838503595604,0.3672131587541441
TBF,-0.43109520649015093,-0.43205624856186264,-0.221806124072605,-0.06141533585326586,-0.13634607585507097,-0.401209584643825,-0.2159354908477887,-0.16782966830150253,0.7670480272358241,-0.4791169337508645,-0.11819720616485717
TLT,0.2647161340553802,0.2664968807750301,0.13852035130868323,0.039032838398823745,0.0892679288455911,0.2510782265800657,0.1390860131547431,0.10571838503595604,-0.4791169337508645,0.30048861667993143,0.07589085473313938
XYLD,0.7117358976079415,0.8017136370503913,0.41109047183115793,0.3557617619528062,0.5971809421953488,0.2642462833402303,0.67492565699454,0.3672131587541441,-0.11819720616485717,0.07589085473313938,0.7059528378053652
