,CLM,CRF,HYGW,IEP,JEPI,JEPQ,LQDW,SVOL,TLTW
CLM,0.35542550956079577,0.6441284631303109,0.1675315418180488,0.22579885851586265,0.23571225435914414,0.4802841006602614,0.09505061558613395,0.12136209928892788,0.1852227695152158
CRF,0.6441284631303109,1.2803017232542286,0.32013538607110126,0.4407024697465518,0.4689330302936749,0.9393205605154694,0.1756337966666408,0.24171906739331026,0.32755925589688545
HYGW,0.1675315418180488,0.32013538607110126,0.19990513333822618,0.15546833975972812,0.25749811027295294,0.45460991585658334,0.09313397680390767,0.14388622901339337,0.1530147053648795
IEP,0.22579885851586265,0.4407024697465518,0.15546833975972812,0.4926182680975592,0.21244131866443614,0.4042143583036794,0.07714492338972803,0.1046130420426535,0.06817059205951773
JEPI,0.23571225435914414,0.4689330302936749,0.25749811027295294,0.21244131866443614,0.4521559020220948,0.7739310277659364,0.11923277518654114,0.19582417478540956,0.14776272864556797
JEPQ,0.4802841006602614,0.9393205605154694,0.45460991585658334,0.4042143583036794,0.7739310277659364,1.6702558006213764,0.19526506354508388,0.3471657149486339,0.2660978372282022
LQDW,0.09505061558613395,0.1756337966666408,0.09313397680390767,0.07714492338972803,0.11923277518654114,0.19526506354508388,0.07724854200781948,0.0642484569112432,0.17819373479510228
SVOL,0.12136209928892788,0.24171906739331026,0.14388622901339337,0.1046130420426535,0.19582417478540956,0.3471657149486339,0.0642484569112432,0.16510884059697487,0.09629608693629217
TLTW,0.1852227695152158,0.32755925589688545,0.1530147053648795,0.06817059205951773,0.14776272864556797,0.2660978372282022,0.17819373479510228,0.09629608693629217,0.6875524842711319
